stage,tickets,total_hours,wait_hours,service_hours,mean_hours,median_hours,p90_hours,pct_of_total,wait_share_of_stage,cumulative_pct
Parts & dispatch,1871,69110.1454,69110.1454,0.0,36.93754430785676,23.8811,77.5478,53.23,100.0,53.23
Remote diagnosis,5000,28987.4403,9115.0701,19872.3702,5.79748806,3.91,12.247370000000002,22.32,31.4,75.55
On-site repair,1871,19214.5661,9227.2236,9987.3425,10.269677231427044,7.0665,20.9645,14.8,48.0,90.35
Verification,5000,7428.9551,1977.3282,5451.6269,1.48579102,1.2212,2.7109500000000004,5.72,26.6,96.07
Triage,5000,5103.6172,2380.8604,2722.7568,1.02072344,0.7018500000000001,2.1185800000000015,3.93,46.7,100.0
Intake,5000,0.0,0.0,0.0,0.0,0.0,0.0,0.0,,100.0
